ID,nome,e-mail,senha,tipo usuario
1,Juan,Teste,#TESRTe2,normal
1,Juan,Teste,#Teste2,normal
1,Jorge,Teste,#Senha1,organizador
1,Juan,Teste,#Teste2,normal
1,Jorge,Teste,#Senha1,organizador
1,Juan,Teste,#Teste2,normal
1,Jorge,Teste,#Senha1,organizador
1,Juan,Teste,#Teste2,normal
1,Jorge,Teste,#Senha1,organizador
1,Juan,Teste,#Teste2,normal
1,Jorge,Teste,#Senha1,organizador
1,Juan,Teste,#Teste2,normal
1,Jorge,Teste,#Senha1,organizador
1,Juan,Teste,#Teste2,normal
1,Jorge,Teste,#Senha1,organizador
1,Juan,Teste,#Teste2,normal
1,Jorge,Teste,#Senha1,organizador
1,Juan,Teste,#Teste2,normal
1,Jorge,Teste,#Senha1,organizador
1,Juan,Teste,#Teste2,normal
1,Jorge,Teste,#Senha1,organizador
1,Juan,Teste,#Teste2,normal
1,Jorge,Teste,#Senha1,organizador
